{
  "B": {
    "R2": 0.9368,
    "RMSE": 0.059,
    "MAE": 0.0446,
    "Bias": -0.002099999925121665,
    "RPD": 3.977,
    "RPIQ": 5.087,
    "CCC": 0.9652,
    "RMSE/MAE": 1.323,
    "MAE_bulk": 0.0395,
    "MAE_tail": 0.0558,
    "RPD_verdict": "quantitative",
    "Agronomically_useful": true
  },
  "Fe": {
    "R2": 0.9342,
    "RMSE": 15.2014,
    "MAE": 11.6945,
    "Bias": 0.1404000073671341,
    "RPD": 3.9,
    "RPIQ": 3.817,
    "CCC": 0.9635,
    "RMSE/MAE": 1.3,
    "MAE_bulk": 9.3816,
    "MAE_tail": 16.8753,
    "RPD_verdict": "quantitative",
    "Agronomically_useful": false
  },
  "Zn": {
    "R2": 0.935,
    "RMSE": 0.5178,
    "MAE": 0.3581,
    "Bias": -0.057500001043081284,
    "RPD": 3.924,
    "RPIQ": 4.829,
    "CCC": 0.9633,
    "RMSE/MAE": 1.446,
    "MAE_bulk": 0.2947,
    "MAE_tail": 0.6296,
    "RPD_verdict": "quantitative",
    "Agronomically_useful": true
  },
  "Cu": {
    "R2": 0.9036,
    "RMSE": 0.1411,
    "MAE": 0.1068,
    "Bias": -0.008899999782443047,
    "RPD": 3.22,
    "RPIQ": 3.544,
    "CCC": 0.9423,
    "RMSE/MAE": 1.321,
    "MAE_bulk": 0.0794,
    "MAE_tail": 0.1629,
    "RPD_verdict": "quantitative",
    "Agronomically_useful": true
  },
  "Mn": {
    "R2": 0.9203,
    "RMSE": 6.1281,
    "MAE": 4.6051,
    "Bias": -0.7997000217437744,
    "RPD": 3.543,
    "RPIQ": 4.716,
    "CCC": 0.9541,
    "RMSE/MAE": 1.331,
    "MAE_bulk": 3.8254,
    "MAE_tail": 7.1465,
    "RPD_verdict": "quantitative",
    "Agronomically_useful": false
  },
  "S": {
    "R2": 0.7546,
    "RMSE": 6.392,
    "MAE": 4.1542,
    "Bias": -1.00409996509552,
    "RPD": 2.019,
    "RPIQ": 2.36,
    "CCC": 0.8394,
    "RMSE/MAE": 1.539,
    "MAE_bulk": 3.1215,
    "MAE_tail": 8.143,
    "RPD_verdict": "quantitative",
    "Agronomically_useful": false
  }
}